029-array-element-read-out-of-lower-bound,73,71
000-assign-div,30,30
000-assign-add,41,41
000-addition-float,11,11
1
000-assign-div-float,30,30
000-assert,27,27
000-addition,11,11
000-assign-mul-float,41,41
000-assign-mul,41,41
000-assign-rem,30,30
000-assign-sub-float,41,41
000-lambda-2,159,150
242,223
000-lambda-3,167,155
000-lambda-4,169,157
000-lambda-5,177,165
000-lambda-6,134,125
000-lambda-7,918,836
000-lambda-9,163,154
000-lambda-8,371,342
000-lambda-simple,56,52
000-lambda,140,131
000-post-incr-float,26,26
000-pre-dcr,26,26
000-pre-incr-float,26,26
001-assert-add,17,17
002-assert-mul,13,13
003-mul-add,21,21
004-assert-if,10,10
005-let,14,14
006-let-shadow,24,24
007-subtyping,15,15
008-xor,14,14
008-sub,18,18
rs,19,19
010-div,23,23
010-mutable-vars,28,28
011-mutable-vars,34,34
011-sqrt,40,40
012-min-int-simple,24,24
012-mutable-vars,36,36
012-min-max-float-simple,18,18
012-max-int-simple,24,24
012-min-max,78,78
013-do-while-ones,19,19
013-do-while,19,19
013-mutable-vars-fun,34,34
014-while-do,20,20
016-do-while,31,31
015-fun,23,23
013-mutable-vars,47,47
016-fun,39,39
017-fun,67,67
018-fun-pased-to-fun-multiple,50,50
018-fun,21,21
019-fun,143,143
020-fun-return,326,326
020-fun,27,27
021-fun,43,43
022-fun,131,131
023-fun-nested-closure,103,94
023-fun-nested-2,56,52
023-fun-nested-closure-2,103,94
023-fun-nested,62,58
023-fun-seq-drop,96,88
023-fun,21,21
023-struct-field-assign-simple,31,29
024-struct-field-assign,158,152
023-struct-field-sel,169,157
025-struct-field-assign,158,152
026-for,23,23
19,19
026-rec,77,77
026-union-match-2,119,111
027-array-function-types,198,196
027-array-simple,60,58
027-tuple-function,61,59
028-array-length,64,62
029-array-element,136,134
029-array-slice-length,107,103
029-array-slice-big,210,206
029-array-slice-real-big,242,236
029-array-slice-simple,191,187
029-array-slice,216,212
030-array-2d,99,95
030-array,56,54
t-assign,537,535
030-array-inside-array,267,259
031-pattern-matching,71,67
032-pattern-matching,141,133
calcualtor,373,343
counter,223,205
counter-plus,271,253
currying,125,113
func-export,22,22
functions,191,187
,375
hygge-struct,196,190
hygge-union-3,72,68
hygge-union-2,123,115
hygge-union-arrays,183,173
hygge-union-structs,238,224
letClousure,250,232
hygge-union,203,187
memory-grow,58,56
if-return,263,257
memory-static,9,9
multiplier,88,82
mut-var-export,13,13
println,22,22
rec-countdown-2,69,63
rec-countdown-3,139,129
rec-countdown,55,51
108
rec-fun,23,23
simple-struct-field-sel,110,106
string-length,28,28
struct-simple,43,41
var-export,13,13
var-export-nested,32,32
000-assert-add,11,11
000-assert,7,7
11,11
012-min-max-simple,38,38
013-do-while,19,19
014-for,15,15
gn-element-out-of-lower-bound,88,86
029-array-assign-element-out-of-upper-bound,94,92
028-array-empty,47,45
026-rec,77,77
029-array-element-read-out-of-lower-bound,73,71
029-array-element-read-out-of-upper-bound,105,101
029-array-slice-end-index-out-of-bounds,106,102
029-array-slice-atleast-size-one,106,102
029-array-slice-start-index-out-of-bounds,106,102
000-assert,27,27
1
11,11
000-assign-div-float,30,30
000-assign-add,41,41
000-assign-mul-float,41,41
000-assign-add-float,41,41
000-assign-div,30,30
000-assign-mul,41,41
000-assign-rem,30,30
000-assign-sub-float,41,41
000-assign-sub,41,41
000-lambda-6,134,125

000-lambda-4,169,157
000-lambda-2,159,150
000-lambda-10-shadow,242,223
000-lambda-3,167,155
000-lambda-8,371,342
000-lambda-7,918,836
000-lambda-9,163,154
000-lambda-simple,56,52
000-lambda,140,131
000-post-dcr-float,26,26
000-post-dcr,26,26
000-post-incr-float,26,26
000-pre-dcr-float,26,26
000-post-incr,26,26
000-pre-dcr,26,26
,26,26
000-pre-incr,26,26
000-relational,43,43
002-assert-mul,13,13
001-assert-add,17,17
003-mul-add,21,21
004-assert-if,10,10
005-let,14,14
007-subtyping,15,15

009-rem,17,17
rs,19,19
010-div,23,23
012-max-int-simple,24,24
010-mutable-vars,28,28
011-mutable-vars,34,34
012-min-max-float-simple,18,18
012-mutable-vars,36,36
012-min-max,78,78
013-do-while,19,19
013-do-while-ones,19,19
013-mutable-vars,47,47
013-mutable-vars-fun,34,34
015-fun,23,23
1,31
016-fun,39,39
018-fun-pased-to-fun-multiple,50,50
018-fun,21,21
018-fun-pased-to-fun,29,29
019-fun,143,143
021-fun,43,43
020-fun-return,326,326
022-fun,131,131
023-fun-nested-2,56,5023-fun-nested-closure,103,94
023-fun-nested-closure-2,103,94
023-struct-field-assign-simple,31,29
023-fun,21,21
023-fun-seq-drop,96,88
026-for,23,23
025-struct-field-assign,158,152
026-union-match-2,119,111
026-rec-suger,19,19
026-union-match,119,111
024-struct-field-assign,158,152

027-array-simple,60,58
027-tuple-function,61,59
027-tuple,60,58
029-array-element,136,134
029-array-slice-length,107,103
028-array-length,64,62
029-array-slice-simple,191,187
029-array-slice-big,210,206
029-array-slice-real-big,242,236
029-array-slice,216,212
030-array-2d,99,95
030-array-inside-array,267,259
031-pattern-matching,71,67
030-array-element-assign,537,535
030-array,56,54
031-top-level,97,91
032-pattern-matching,141,133
counter-plus,271,253
calcualtor,373,343
counter,223,205
func-export,22,22
currying,125,113
functions,191,187
,375
hygge-struct,196,190
hygge-union-2,123,115
hygge-union-3,72,68
hygge-union-arrays,183,173
hygge-union,203,187
memory-grow,58,56
s,238,224
letClousure,250,232
memory-static,9,9
mut-var-export,13,13
multiplier,88,82
println,22,22
rec-countdown-2,69,63
rec-fun,23,23
rec-countdown-3,139,129
rec-countdown,55,51
rec-countdown-4,119,108
simple-struct-field-sel,110,106
string-length,28,28
struct-simple,43,41
var-export,13,13
var-export-nested,32,32
000-assert,7,7
001-assert-mul,11,11
012-min-max-simple,38,38
013-do-while,19,19
014-for,15,15
028-array-empty,47,45
026-rec,77,77
029-array-assign-element-out-of-lower-bound,88,86
029-array-assign-element-out-of-upper-bound,94,92
029-array-element-read-out-of-upper-bound,105,101
029-array-slice-end-index-out-of-bounds,106,102
029-array-slice-atleast-size-one,106,102
029-array-element-read-out-of-lower-bound,73,71
029-array-slice-start-index-out-of-bounds,106,102
